hellorotuine.started,hellorotuine.stopped,hellokey.keys,hellokey.rt,hellokey.duration,participant,性別,年齡,台語檢定成績,date,expName,psychopyVersion,OS,frameRate,fbclid,instructionroutine.started,instructionroutine.stopped,intructionkeyboard.keys,intructionkeyboard.rt,intructionkeyboard.duration,fixation.started,fixation.stopped,practiceroutine.started,practiceroutine.stopped,practrial.keys,practrial.rt,practrial.duration,trials.thisRepN,trials.thisTrialN,trials.thisN,trials.thisIndex,trials.ran,臺羅,isword,response,ifile,pracroutine.started,pracroutine.stopped,prackey.keys,prackey.rt,prackey.duration,trialroutine.started,trialroutine.stopped,trialkeyboard.keys,trialkeyboard.corr,trialkeyboard.rt,trialkeyboard.duration,trialloop.thisRepN,trialloop.thisTrialN,trialloop.thisN,trialloop.thisIndex,trialloop.ran,分組,台語詞頻分組,華語詞頻分組,漢字,thanksroutine.started,thanksroutine.stopped
0.0012,14.3733,space,14.294,,915658,女,41,0,2026-05-01_11h03.00.883,ldt,2025.1.1,Win32,20,IwY2xjawRg9u9leHRuA2FlbQIxMABicmlkETFGRmZVc0JWV0hhdEFKa0Jnc3J0YwZhcHBfaWQQMjIyMDM5MTc4ODIwMDg5MgABHobX1g3SvM2rPEHtc9qCwKTc97LOzcWYPvuES3Zl9nOoKggylN2cYl3o-Ho4_aem_THwzoTALU-6EvoOnYrs3QQ,,,,,,,,,,,,,,,,,,,,,,,,,,,,,,,,,,,,,,,,,,,
,,,,,915658,女,41,0,2026-05-01_11h03.00.883,ldt,2025.1.1,Win32,20,IwY2xjawRg9u9leHRuA2FlbQIxMABicmlkETFGRmZVc0JWV0hhdEFKa0Jnc3J0YwZhcHBfaWQQMjIyMDM5MTc4ODIwMDg5MgABHobX1g3SvM2rPEHtc9qCwKTc97LOzcWYPvuES3Zl9nOoKggylN2cYl3o-Ho4_aem_THwzoTALU-6EvoOnYrs3QQ,14.3735,26.2459,space,11.8352,,,,,,,,,,,,,,,,,,,,,,,,,,,,,,,,,,,,,,,
,,,,,915658,女,41,0,2026-05-01_11h03.00.883,ldt,2025.1.1,Win32,20,IwY2xjawRg9u9leHRuA2FlbQIxMABicmlkETFGRmZVc0JWV0hhdEFKa0Jnc3J0YwZhcHBfaWQQMjIyMDM5MTc4ODIwMDg5MgABHobX1g3SvM2rPEHtc9qCwKTc97LOzcWYPvuES3Zl9nOoKggylN2cYl3o-Ho4_aem_THwzoTALU-6EvoOnYrs3QQ,,,,,,26.2511,26.7371,26.7379,29.0676,j,2.2317,,0,0,0,0,1,__,1,j,w40.png,,,,,,,,,,,,,,,,,,,,,,
,,,,,915658,女,41,0,2026-05-01_11h03.00.883,ldt,2025.1.1,Win32,20,IwY2xjawRg9u9leHRuA2FlbQIxMABicmlkETFGRmZVc0JWV0hhdEFKa0Jnc3J0YwZhcHBfaWQQMjIyMDM5MTc4ODIwMDg5MgABHobX1g3SvM2rPEHtc9qCwKTc97LOzcWYPvuES3Zl9nOoKggylN2cYl3o-Ho4_aem_THwzoTALU-6EvoOnYrs3QQ,,,,,,29.0684,29.5551,29.5555,32.1909,f,2.5363,,0,1,1,3,1,__,0,f,w97.png,,,,,,,,,,,,,,,,,,,,,,
,,,,,915658,女,41,0,2026-05-01_11h03.00.883,ldt,2025.1.1,Win32,20,IwY2xjawRg9u9leHRuA2FlbQIxMABicmlkETFGRmZVc0JWV0hhdEFKa0Jnc3J0YwZhcHBfaWQQMjIyMDM5MTc4ODIwMDg5MgABHobX1g3SvM2rPEHtc9qCwKTc97LOzcWYPvuES3Zl9nOoKggylN2cYl3o-Ho4_aem_THwzoTALU-6EvoOnYrs3QQ,,,,,,32.1917,32.6953,32.6958,35.455,f,2.6926,,0,2,2,1,1,__,0,f,w92.png,,,,,,,,,,,,,,,,,,,,,,
,,,,,915658,女,41,0,2026-05-01_11h03.00.883,ldt,2025.1.1,Win32,20,IwY2xjawRg9u9leHRuA2FlbQIxMABicmlkETFGRmZVc0JWV0hhdEFKa0Jnc3J0YwZhcHBfaWQQMjIyMDM5MTc4ODIwMDg5MgABHobX1g3SvM2rPEHtc9qCwKTc97LOzcWYPvuES3Zl9nOoKggylN2cYl3o-Ho4_aem_THwzoTALU-6EvoOnYrs3QQ,,,,,,35.4557,35.9208,35.9215,38.0648,j,2.0312,,0,3,3,2,1,__,1,j,w49.png,,,,,,,,,,,,,,,,,,,,,,
,,,,,915658,女,41,0,2026-05-01_11h03.00.883,ldt,2025.1.1,Win32,20,IwY2xjawRg9u9leHRuA2FlbQIxMABicmlkETFGRmZVc0JWV0hhdEFKa0Jnc3J0YwZhcHBfaWQQMjIyMDM5MTc4ODIwMDg5MgABHobX1g3SvM2rPEHtc9qCwKTc97LOzcWYPvuES3Zl9nOoKggylN2cYl3o-Ho4_aem_THwzoTALU-6EvoOnYrs3QQ,,,,,,,,,,,,,,,,,,,,,,38.0658,40.5272,space,2.4044,,,,,,,,,,,,,,,,,,
,,,,,915658,女,41,0,2026-05-01_11h03.00.883,ldt,2025.1.1,Win32,20,IwY2xjawRg9u9leHRuA2FlbQIxMABicmlkETFGRmZVc0JWV0hhdEFKa0Jnc3J0YwZhcHBfaWQQMjIyMDM5MTc4ODIwMDg5MgABHobX1g3SvM2rPEHtc9qCwKTc97LOzcWYPvuES3Zl9nOoKggylN2cYl3o-Ho4_aem_THwzoTALU-6EvoOnYrs3QQ,,,,,,40.5352,40.9973,,,,,,,,,,,,0,f,w89.png,,,,,,40.998,42.4129,f,1,1.3105,,0,0,0,78,1,filler_假詞,,,義活,,
,,,,,915658,女,41,0,2026-05-01_11h03.00.883,ldt,2025.1.1,Win32,20,IwY2xjawRg9u9leHRuA2FlbQIxMABicmlkETFGRmZVc0JWV0hhdEFKa0Jnc3J0YwZhcHBfaWQQMjIyMDM5MTc4ODIwMDg5MgABHobX1g3SvM2rPEHtc9qCwKTc97LOzcWYPvuES3Zl9nOoKggylN2cYl3o-Ho4_aem_THwzoTALU-6EvoOnYrs3QQ,,,,,,42.4135,42.9116,,,,,,,,,,,i-kì/i-kù,1,j,w33.png,,,,,,42.9121,44.7718,j,1,1.747,,0,1,1,26,1,實驗材料,低,懸,依據,,
,,,,,915658,女,41,0,2026-05-01_11h03.00.883,ldt,2025.1.1,Win32,20,IwY2xjawRg9u9leHRuA2FlbQIxMABicmlkETFGRmZVc0JWV0hhdEFKa0Jnc3J0YwZhcHBfaWQQMjIyMDM5MTc4ODIwMDg5MgABHobX1g3SvM2rPEHtc9qCwKTc97LOzcWYPvuES3Zl9nOoKggylN2cYl3o-Ho4_aem_THwzoTALU-6EvoOnYrs3QQ,,,,,,44.7724,45.2682,,,,,,,,,,,hòng-siā,1,j,w22.png,,,,,,45.2685,46.4251,j,1,1.0523,,0,2,2,17,1,實驗材料,懸,低,放射,,
,,,,,915658,女,41,0,2026-05-01_11h03.00.883,ldt,2025.1.1,Win32,20,IwY2xjawRg9u9leHRuA2FlbQIxMABicmlkETFGRmZVc0JWV0hhdEFKa0Jnc3J0YwZhcHBfaWQQMjIyMDM5MTc4ODIwMDg5MgABHobX1g3SvM2rPEHtc9qCwKTc97LOzcWYPvuES3Zl9nOoKggylN2cYl3o-Ho4_aem_THwzoTALU-6EvoOnYrs3QQ,,,,,,46.4254,46.9139,,,,,,,,,,,,0,f,w56.png,,,,,,46.9143,49.1731,f,1,2.147,,0,3,3,45,1,filler_假詞,,,心果,,
,,,,,915658,女,41,0,2026-05-01_11h03.00.883,ldt,2025.1.1,Win32,20,IwY2xjawRg9u9leHRuA2FlbQIxMABicmlkETFGRmZVc0JWV0hhdEFKa0Jnc3J0YwZhcHBfaWQQMjIyMDM5MTc4ODIwMDg5MgABHobX1g3SvM2rPEHtc9qCwKTc97LOzcWYPvuES3Zl9nOoKggylN2cYl3o-Ho4_aem_THwzoTALU-6EvoOnYrs3QQ,,,,,,49.1734,49.6698,,,,,,,,,,,,0,f,w60.png,,,,,,49.6701,51.9433,f,1,2.1703,,0,4,4,49,1,filler_假詞,,,豬力,,
,,,,,915658,女,41,0,2026-05-01_11h03.00.883,ldt,2025.1.1,Win32,20,IwY2xjawRg9u9leHRuA2FlbQIxMABicmlkETFGRmZVc0JWV0hhdEFKa0Jnc3J0YwZhcHBfaWQQMjIyMDM5MTc4ODIwMDg5MgABHobX1g3SvM2rPEHtc9qCwKTc97LOzcWYPvuES3Zl9nOoKggylN2cYl3o-Ho4_aem_THwzoTALU-6EvoOnYrs3QQ,,,,,,51.9437,52.4084,,,,,,,,,,,,0,f,w63.png,,,,,,52.4088,53.6641,j,0,1.148,,0,5,5,52,1,filler_假詞,,,語情,,
,,,,,915658,女,41,0,2026-05-01_11h03.00.883,ldt,2025.1.1,Win32,20,IwY2xjawRg9u9leHRuA2FlbQIxMABicmlkETFGRmZVc0JWV0hhdEFKa0Jnc3J0YwZhcHBfaWQQMjIyMDM5MTc4ODIwMDg5MgABHobX1g3SvM2rPEHtc9qCwKTc97LOzcWYPvuES3Zl9nOoKggylN2cYl3o-Ho4_aem_THwzoTALU-6EvoOnYrs3QQ,,,,,,53.6647,54.1609,,,,,,,,,,,tshit-thô,1,j,w41.png,,,,,,54.1613,55.3794,j,1,1.1121,,0,6,6,32,1,filler_純台語詞,,,𨑨迌,,
,,,,,915658,女,41,0,2026-05-01_11h03.00.883,ldt,2025.1.1,Win32,20,IwY2xjawRg9u9leHRuA2FlbQIxMABicmlkETFGRmZVc0JWV0hhdEFKa0Jnc3J0YwZhcHBfaWQQMjIyMDM5MTc4ODIwMDg5MgABHobX1g3SvM2rPEHtc9qCwKTc97LOzcWYPvuES3Zl9nOoKggylN2cYl3o-Ho4_aem_THwzoTALU-6EvoOnYrs3QQ,,,,,,55.3799,55.8529,,,,,,,,,,,,0,f,w76.png,,,,,,55.8532,58.7471,j,0,2.7872,,0,7,7,65,1,filler_假詞,,,製般,,
,,,,,915658,女,41,0,2026-05-01_11h03.00.883,ldt,2025.1.1,Win32,20,IwY2xjawRg9u9leHRuA2FlbQIxMABicmlkETFGRmZVc0JWV0hhdEFKa0Jnc3J0YwZhcHBfaWQQMjIyMDM5MTc4ODIwMDg5MgABHobX1g3SvM2rPEHtc9qCwKTc97LOzcWYPvuES3Zl9nOoKggylN2cYl3o-Ho4_aem_THwzoTALU-6EvoOnYrs3QQ,,,,,,58.7482,59.2246,,,,,,,,,,,khòng-sòo,1,j,w18.png,,,,,,59.2249,60.5195,j,1,1.1864,,0,8,8,15,1,實驗材料,低,低,控訴,,
,,,,,915658,女,41,0,2026-05-01_11h03.00.883,ldt,2025.1.1,Win32,20,IwY2xjawRg9u9leHRuA2FlbQIxMABicmlkETFGRmZVc0JWV0hhdEFKa0Jnc3J0YwZhcHBfaWQQMjIyMDM5MTc4ODIwMDg5MgABHobX1g3SvM2rPEHtc9qCwKTc97LOzcWYPvuES3Zl9nOoKggylN2cYl3o-Ho4_aem_THwzoTALU-6EvoOnYrs3QQ,,,,,,60.5201,61.0086,,,,,,,,,,,khe-tsuí/khue-tsuí,1,j,w27.png,,,,,,61.009,62.1001,j,1,0.9815,,0,9,9,22,1,實驗材料,懸,低,溪水,,
,,,,,915658,女,41,0,2026-05-01_11h03.00.883,ldt,2025.1.1,Win32,20,IwY2xjawRg9u9leHRuA2FlbQIxMABicmlkETFGRmZVc0JWV0hhdEFKa0Jnc3J0YwZhcHBfaWQQMjIyMDM5MTc4ODIwMDg5MgABHobX1g3SvM2rPEHtc9qCwKTc97LOzcWYPvuES3Zl9nOoKggylN2cYl3o-Ho4_aem_THwzoTALU-6EvoOnYrs3QQ,,,,,,62.1004,62.5964,,,,,,,,,,,,0,f,w51.png,,,,,,62.5973,64.3096,f,1,1.6093,,0,10,10,40,1,filler_假詞,,,線瓜,,
,,,,,915658,女,41,0,2026-05-01_11h03.00.883,ldt,2025.1.1,Win32,20,IwY2xjawRg9u9leHRuA2FlbQIxMABicmlkETFGRmZVc0JWV0hhdEFKa0Jnc3J0YwZhcHBfaWQQMjIyMDM5MTc4ODIwMDg5MgABHobX1g3SvM2rPEHtc9qCwKTc97LOzcWYPvuES3Zl9nOoKggylN2cYl3o-Ho4_aem_THwzoTALU-6EvoOnYrs3QQ,,,,,,64.3102,64.7932,,,,,,,,,,,,0,f,w86.png,,,,,,64.7935,67.6907,f,1,2.7944,,0,11,11,75,1,filler_假詞,,,涼層,,
,,,,,915658,女,41,0,2026-05-01_11h03.00.883,ldt,2025.1.1,Win32,20,IwY2xjawRg9u9leHRuA2FlbQIxMABicmlkETFGRmZVc0JWV0hhdEFKa0Jnc3J0YwZhcHBfaWQQMjIyMDM5MTc4ODIwMDg5MgABHobX1g3SvM2rPEHtc9qCwKTc97LOzcWYPvuES3Zl9nOoKggylN2cYl3o-Ho4_aem_THwzoTALU-6EvoOnYrs3QQ,,,,,,67.6909,68.1786,,,,,,,,,,,tē-miâ/tuē-miâ,1,j,w25.png,,,,,,68.179,69.283,j,1,0.9819,,0,12,12,20,1,實驗材料,懸,低,地名,,
,,,,,915658,女,41,0,2026-05-01_11h03.00.883,ldt,2025.1.1,Win32,20,IwY2xjawRg9u9leHRuA2FlbQIxMABicmlkETFGRmZVc0JWV0hhdEFKa0Jnc3J0YwZhcHBfaWQQMjIyMDM5MTc4ODIwMDg5MgABHobX1g3SvM2rPEHtc9qCwKTc97LOzcWYPvuES3Zl9nOoKggylN2cYl3o-Ho4_aem_THwzoTALU-6EvoOnYrs3QQ,,,,,,69.2835,69.7485,,,,,,,,,,,gāi-gio̍h,1,j,w43.png,,,,,,69.749,70.8997,j,1,1.0488,,0,13,13,34,1,filler_純台語詞,,,礙虐,,
,,,,,915658,女,41,0,2026-05-01_11h03.00.883,ldt,2025.1.1,Win32,20,IwY2xjawRg9u9leHRuA2FlbQIxMABicmlkETFGRmZVc0JWV0hhdEFKa0Jnc3J0YwZhcHBfaWQQMjIyMDM5MTc4ODIwMDg5MgABHobX1g3SvM2rPEHtc9qCwKTc97LOzcWYPvuES3Zl9nOoKggylN2cYl3o-Ho4_aem_THwzoTALU-6EvoOnYrs3QQ,,,,,,70.9,71.3816,,,,,,,,,,,,0,f,w85.png,,,,,,71.3821,73.2741,f,1,1.778,,0,14,14,74,1,filler_假詞,,,素鼠,,
,,,,,915658,女,41,0,2026-05-01_11h03.00.883,ldt,2025.1.1,Win32,20,IwY2xjawRg9u9leHRuA2FlbQIxMABicmlkETFGRmZVc0JWV0hhdEFKa0Jnc3J0YwZhcHBfaWQQMjIyMDM5MTc4ODIwMDg5MgABHobX1g3SvM2rPEHtc9qCwKTc97LOzcWYPvuES3Zl9nOoKggylN2cYl3o-Ho4_aem_THwzoTALU-6EvoOnYrs3QQ,,,,,,73.2745,73.7511,,,,,,,,,,,,0,f,w84.png,,,,,,73.7513,76.0479,f,1,2.193,,0,15,15,73,1,filler_假詞,,,川角,,
,,,,,915658,女,41,0,2026-05-01_11h03.00.883,ldt,2025.1.1,Win32,20,IwY2xjawRg9u9leHRuA2FlbQIxMABicmlkETFGRmZVc0JWV0hhdEFKa0Jnc3J0YwZhcHBfaWQQMjIyMDM5MTc4ODIwMDg5MgABHobX1g3SvM2rPEHtc9qCwKTc97LOzcWYPvuES3Zl9nOoKggylN2cYl3o-Ho4_aem_THwzoTALU-6EvoOnYrs3QQ,,,,,,76.0484,76.5405,,,,,,,,,,,,0,f,w58.png,,,,,,76.5411,80.4832,j,0,3.8333,,0,16,16,47,1,filler_假詞,,,輕牛,,
,,,,,915658,女,41,0,2026-05-01_11h03.00.883,ldt,2025.1.1,Win32,20,IwY2xjawRg9u9leHRuA2FlbQIxMABicmlkETFGRmZVc0JWV0hhdEFKa0Jnc3J0YwZhcHBfaWQQMjIyMDM5MTc4ODIwMDg5MgABHobX1g3SvM2rPEHtc9qCwKTc97LOzcWYPvuES3Zl9nOoKggylN2cYl3o-Ho4_aem_THwzoTALU-6EvoOnYrs3QQ,,,,,,80.4839,80.9848,,,,,,,,,,,kiù-miā,1,j,w26.png,,,,,,80.9851,81.9357,j,1,0.8862,,0,17,17,21,1,實驗材料,懸,低,救命,,
,,,,,915658,女,41,0,2026-05-01_11h03.00.883,ldt,2025.1.1,Win32,20,IwY2xjawRg9u9leHRuA2FlbQIxMABicmlkETFGRmZVc0JWV0hhdEFKa0Jnc3J0YwZhcHBfaWQQMjIyMDM5MTc4ODIwMDg5MgABHobX1g3SvM2rPEHtc9qCwKTc97LOzcWYPvuES3Zl9nOoKggylN2cYl3o-Ho4_aem_THwzoTALU-6EvoOnYrs3QQ,,,,,,81.936,82.4407,,,,,,,,,,,king-siau,1,j,w12.png,,,,,,82.4411,84.0211,j,1,1.5188,,0,18,18,9,1,實驗材料,低,低,經銷,,
,,,,,915658,女,41,0,2026-05-01_11h03.00.883,ldt,2025.1.1,Win32,20,IwY2xjawRg9u9leHRuA2FlbQIxMABicmlkETFGRmZVc0JWV0hhdEFKa0Jnc3J0YwZhcHBfaWQQMjIyMDM5MTc4ODIwMDg5MgABHobX1g3SvM2rPEHtc9qCwKTc97LOzcWYPvuES3Zl9nOoKggylN2cYl3o-Ho4_aem_THwzoTALU-6EvoOnYrs3QQ,,,,,,84.0216,84.5173,,,,,,,,,,,,0,f,w90.png,,,,,,84.5176,86.9772,f,1,2.3501,,0,19,19,79,1,filler_假詞,,,失務,,
,,,,,915658,女,41,0,2026-05-01_11h03.00.883,ldt,2025.1.1,Win32,20,IwY2xjawRg9u9leHRuA2FlbQIxMABicmlkETFGRmZVc0JWV0hhdEFKa0Jnc3J0YwZhcHBfaWQQMjIyMDM5MTc4ODIwMDg5MgABHobX1g3SvM2rPEHtc9qCwKTc97LOzcWYPvuES3Zl9nOoKggylN2cYl3o-Ho4_aem_THwzoTALU-6EvoOnYrs3QQ,,,,,,86.9779,87.4478,,,,,,,,,,,khai-sí,1,j,w2.png,,,,,,87.4482,88.3751,j,1,0.8022,,0,20,20,1,1,實驗材料,懸,懸,開始,,
,,,,,915658,女,41,0,2026-05-01_11h03.00.883,ldt,2025.1.1,Win32,20,IwY2xjawRg9u9leHRuA2FlbQIxMABicmlkETFGRmZVc0JWV0hhdEFKa0Jnc3J0YwZhcHBfaWQQMjIyMDM5MTc4ODIwMDg5MgABHobX1g3SvM2rPEHtc9qCwKTc97LOzcWYPvuES3Zl9nOoKggylN2cYl3o-Ho4_aem_THwzoTALU-6EvoOnYrs3QQ,,,,,,88.3754,88.8797,,,,,,,,,,,su-uî,1,j,w32.png,,,,,,88.8801,89.9098,j,1,0.9647,,0,21,21,25,1,實驗材料,低,懸,思維,,
,,,,,915658,女,41,0,2026-05-01_11h03.00.883,ldt,2025.1.1,Win32,20,IwY2xjawRg9u9leHRuA2FlbQIxMABicmlkETFGRmZVc0JWV0hhdEFKa0Jnc3J0YwZhcHBfaWQQMjIyMDM5MTc4ODIwMDg5MgABHobX1g3SvM2rPEHtc9qCwKTc97LOzcWYPvuES3Zl9nOoKggylN2cYl3o-Ho4_aem_THwzoTALU-6EvoOnYrs3QQ,,,,,,89.9113,90.4169,,,,,,,,,,,,0,f,w71.png,,,,,,90.4172,93.6351,j,0,3.1578,,0,22,22,60,1,filler_假詞,,,力巧,,
,,,,,915658,女,41,0,2026-05-01_11h03.00.883,ldt,2025.1.1,Win32,20,IwY2xjawRg9u9leHRuA2FlbQIxMABicmlkETFGRmZVc0JWV0hhdEFKa0Jnc3J0YwZhcHBfaWQQMjIyMDM5MTc4ODIwMDg5MgABHobX1g3SvM2rPEHtc9qCwKTc97LOzcWYPvuES3Zl9nOoKggylN2cYl3o-Ho4_aem_THwzoTALU-6EvoOnYrs3QQ,,,,,,93.6354,94.1388,,,,,,,,,,,,0,f,w62.png,,,,,,94.1391,95.5966,f,1,1.3966,,0,23,23,51,1,filler_假詞,,,慌沉,,
,,,,,915658,女,41,0,2026-05-01_11h03.00.883,ldt,2025.1.1,Win32,20,IwY2xjawRg9u9leHRuA2FlbQIxMABicmlkETFGRmZVc0JWV0hhdEFKa0Jnc3J0YwZhcHBfaWQQMjIyMDM5MTc4ODIwMDg5MgABHobX1g3SvM2rPEHtc9qCwKTc97LOzcWYPvuES3Zl9nOoKggylN2cYl3o-Ho4_aem_THwzoTALU-6EvoOnYrs3QQ,,,,,,95.5972,96.0742,,,,,,,,,,,kuè--lâi,1,j,w8.png,,,,,,96.0746,97.235,j,1,1.0514,,0,24,24,7,1,實驗材料,懸,懸,過來,,
,,,,,915658,女,41,0,2026-05-01_11h03.00.883,ldt,2025.1.1,Win32,20,IwY2xjawRg9u9leHRuA2FlbQIxMABicmlkETFGRmZVc0JWV0hhdEFKa0Jnc3J0YwZhcHBfaWQQMjIyMDM5MTc4ODIwMDg5MgABHobX1g3SvM2rPEHtc9qCwKTc97LOzcWYPvuES3Zl9nOoKggylN2cYl3o-Ho4_aem_THwzoTALU-6EvoOnYrs3QQ,,,,,,97.2354,97.736,,,,,,,,,,,huâinn-ti̍t/huînn-ti̍t,1,j,w48.png,,,,,,97.7363,98.6987,j,1,0.9021,,0,25,25,39,1,filler_純台語詞,,,橫直,,
,,,,,915658,女,41,0,2026-05-01_11h03.00.883,ldt,2025.1.1,Win32,20,IwY2xjawRg9u9leHRuA2FlbQIxMABicmlkETFGRmZVc0JWV0hhdEFKa0Jnc3J0YwZhcHBfaWQQMjIyMDM5MTc4ODIwMDg5MgABHobX1g3SvM2rPEHtc9qCwKTc97LOzcWYPvuES3Zl9nOoKggylN2cYl3o-Ho4_aem_THwzoTALU-6EvoOnYrs3QQ,,,,,,98.6993,99.1804,,,,,,,,,,,guân-lâi,1,j,w5.png,,,,,,99.1808,99.9861,j,1,0.6985,,0,26,26,4,1,實驗材料,懸,懸,原來,,
,,,,,915658,女,41,0,2026-05-01_11h03.00.883,ldt,2025.1.1,Win32,20,IwY2xjawRg9u9leHRuA2FlbQIxMABicmlkETFGRmZVc0JWV0hhdEFKa0Jnc3J0YwZhcHBfaWQQMjIyMDM5MTc4ODIwMDg5MgABHobX1g3SvM2rPEHtc9qCwKTc97LOzcWYPvuES3Zl9nOoKggylN2cYl3o-Ho4_aem_THwzoTALU-6EvoOnYrs3QQ,,,,,,99.9864,100.4909,,,,,,,,,,,tsú-kàu,1,j,w24.png,,,,,,100.4915,101.8301,j,1,1.2739,,0,27,27,19,1,實驗材料,懸,低,主教,,
,,,,,915658,女,41,0,2026-05-01_11h03.00.883,ldt,2025.1.1,Win32,20,IwY2xjawRg9u9leHRuA2FlbQIxMABicmlkETFGRmZVc0JWV0hhdEFKa0Jnc3J0YwZhcHBfaWQQMjIyMDM5MTc4ODIwMDg5MgABHobX1g3SvM2rPEHtc9qCwKTc97LOzcWYPvuES3Zl9nOoKggylN2cYl3o-Ho4_aem_THwzoTALU-6EvoOnYrs3QQ,,,,,,101.8305,102.3075,,,,,,,,,,,hiau-pai,1,j,w46.png,,,,,,102.3083,103.3371,j,1,0.9178,,0,28,28,37,1,filler_純台語詞,,,囂俳,,
,,,,,915658,女,41,0,2026-05-01_11h03.00.883,ldt,2025.1.1,Win32,20,IwY2xjawRg9u9leHRuA2FlbQIxMABicmlkETFGRmZVc0JWV0hhdEFKa0Jnc3J0YwZhcHBfaWQQMjIyMDM5MTc4ODIwMDg5MgABHobX1g3SvM2rPEHtc9qCwKTc97LOzcWYPvuES3Zl9nOoKggylN2cYl3o-Ho4_aem_THwzoTALU-6EvoOnYrs3QQ,,,,,,103.3375,103.8374,,,,,,,,,,,,0,f,w53.png,,,,,,103.8378,106.2866,j,0,2.388,,0,29,29,42,1,filler_假詞,,,水空,,
,,,,,915658,女,41,0,2026-05-01_11h03.00.883,ldt,2025.1.1,Win32,20,IwY2xjawRg9u9leHRuA2FlbQIxMABicmlkETFGRmZVc0JWV0hhdEFKa0Jnc3J0YwZhcHBfaWQQMjIyMDM5MTc4ODIwMDg5MgABHobX1g3SvM2rPEHtc9qCwKTc97LOzcWYPvuES3Zl9nOoKggylN2cYl3o-Ho4_aem_THwzoTALU-6EvoOnYrs3QQ,,,,,,106.2871,106.741,,,,,,,,,,,,0,f,w66.png,,,,,,106.7426,108.1434,f,1,1.2476,,0,30,30,55,1,filler_假詞,,,冒張,,
,,,,,915658,女,41,0,2026-05-01_11h03.00.883,ldt,2025.1.1,Win32,20,IwY2xjawRg9u9leHRuA2FlbQIxMABicmlkETFGRmZVc0JWV0hhdEFKa0Jnc3J0YwZhcHBfaWQQMjIyMDM5MTc4ODIwMDg5MgABHobX1g3SvM2rPEHtc9qCwKTc97LOzcWYPvuES3Zl9nOoKggylN2cYl3o-Ho4_aem_THwzoTALU-6EvoOnYrs3QQ,,,,,,108.1438,108.6224,,,,,,,,,,,,0,f,w61.png,,,,,,108.6227,111.3878,f,1,2.6573,,0,31,31,50,1,filler_假詞,,,呆膽,,
,,,,,915658,女,41,0,2026-05-01_11h03.00.883,ldt,2025.1.1,Win32,20,IwY2xjawRg9u9leHRuA2FlbQIxMABicmlkETFGRmZVc0JWV0hhdEFKa0Jnc3J0YwZhcHBfaWQQMjIyMDM5MTc4ODIwMDg5MgABHobX1g3SvM2rPEHtc9qCwKTc97LOzcWYPvuES3Zl9nOoKggylN2cYl3o-Ho4_aem_THwzoTALU-6EvoOnYrs3QQ,,,,,,111.3883,111.86,,,,,,,,,,,kíng-tsìng,1,j,w16.png,,,,,,111.8604,113.6962,j,1,1.7274,,0,32,32,13,1,實驗材料,低,低,警政,,
,,,,,915658,女,41,0,2026-05-01_11h03.00.883,ldt,2025.1.1,Win32,20,IwY2xjawRg9u9leHRuA2FlbQIxMABicmlkETFGRmZVc0JWV0hhdEFKa0Jnc3J0YwZhcHBfaWQQMjIyMDM5MTc4ODIwMDg5MgABHobX1g3SvM2rPEHtc9qCwKTc97LOzcWYPvuES3Zl9nOoKggylN2cYl3o-Ho4_aem_THwzoTALU-6EvoOnYrs3QQ,,,,,,113.6966,114.1976,,,,,,,,,,,,0,f,w75.png,,,,,,114.1981,115.6681,f,1,1.4087,,0,33,33,64,1,filler_假詞,,,野吉,,
,,,,,915658,女,41,0,2026-05-01_11h03.00.883,ldt,2025.1.1,Win32,20,IwY2xjawRg9u9leHRuA2FlbQIxMABicmlkETFGRmZVc0JWV0hhdEFKa0Jnc3J0YwZhcHBfaWQQMjIyMDM5MTc4ODIwMDg5MgABHobX1g3SvM2rPEHtc9qCwKTc97LOzcWYPvuES3Zl9nOoKggylN2cYl3o-Ho4_aem_THwzoTALU-6EvoOnYrs3QQ,,,,,,115.6686,116.1446,,,,,,,,,,,tsí-sòo,1,j,w31.png,,,,,,116.1449,117.0862,j,1,0.8247,,0,34,34,24,1,實驗材料,低,懸,指數,,
,,,,,915658,女,41,0,2026-05-01_11h03.00.883,ldt,2025.1.1,Win32,20,IwY2xjawRg9u9leHRuA2FlbQIxMABicmlkETFGRmZVc0JWV0hhdEFKa0Jnc3J0YwZhcHBfaWQQMjIyMDM5MTc4ODIwMDg5MgABHobX1g3SvM2rPEHtc9qCwKTc97LOzcWYPvuES3Zl9nOoKggylN2cYl3o-Ho4_aem_THwzoTALU-6EvoOnYrs3QQ,,,,,,117.0866,117.5872,,,,,,,,,,,,0,f,w69.png,,,,,,117.5875,119.4682,f,1,1.8191,,0,35,35,58,1,filler_假詞,,,把氣,,
,,,,,915658,女,41,0,2026-05-01_11h03.00.883,ldt,2025.1.1,Win32,20,IwY2xjawRg9u9leHRuA2FlbQIxMABicmlkETFGRmZVc0JWV0hhdEFKa0Jnc3J0YwZhcHBfaWQQMjIyMDM5MTc4ODIwMDg5MgABHobX1g3SvM2rPEHtc9qCwKTc97LOzcWYPvuES3Zl9nOoKggylN2cYl3o-Ho4_aem_THwzoTALU-6EvoOnYrs3QQ,,,,,,119.4687,119.9858,,,,,,,,,,,,0,f,w68.png,,,,,,119.9861,121.8795,f,1,1.8282,,0,36,36,57,1,filler_假詞,,,變縱,,
,,,,,915658,女,41,0,2026-05-01_11h03.00.883,ldt,2025.1.1,Win32,20,IwY2xjawRg9u9leHRuA2FlbQIxMABicmlkETFGRmZVc0JWV0hhdEFKa0Jnc3J0YwZhcHBfaWQQMjIyMDM5MTc4ODIwMDg5MgABHobX1g3SvM2rPEHtc9qCwKTc97LOzcWYPvuES3Zl9nOoKggylN2cYl3o-Ho4_aem_THwzoTALU-6EvoOnYrs3QQ,,,,,,121.8801,122.386,,,,,,,,,,,,0,f,w74.png,,,,,,122.3863,124.0246,f,1,1.5966,,0,37,37,63,1,filler_假詞,,,動夜,,
,,,,,915658,女,41,0,2026-05-01_11h03.00.883,ldt,2025.1.1,Win32,20,IwY2xjawRg9u9leHRuA2FlbQIxMABicmlkETFGRmZVc0JWV0hhdEFKa0Jnc3J0YwZhcHBfaWQQMjIyMDM5MTc4ODIwMDg5MgABHobX1g3SvM2rPEHtc9qCwKTc97LOzcWYPvuES3Zl9nOoKggylN2cYl3o-Ho4_aem_THwzoTALU-6EvoOnYrs3QQ,,,,,,124.0266,124.5011,,,,,,,,,,,thua-tiàu,1,j,w14.png,,,,,,124.5017,128.9678,f,0,4.336,,0,38,38,11,1,實驗材料,低,低,拖吊,,
,,,,,915658,女,41,0,2026-05-01_11h03.00.883,ldt,2025.1.1,Win32,20,IwY2xjawRg9u9leHRuA2FlbQIxMABicmlkETFGRmZVc0JWV0hhdEFKa0Jnc3J0YwZhcHBfaWQQMjIyMDM5MTc4ODIwMDg5MgABHobX1g3SvM2rPEHtc9qCwKTc97LOzcWYPvuES3Zl9nOoKggylN2cYl3o-Ho4_aem_THwzoTALU-6EvoOnYrs3QQ,,,,,,128.9685,129.4477,,,,,,,,,,,siu-thiann,1,j,w21.png,,,,,,129.448,130.4124,j,1,0.852,,0,39,39,16,1,實驗材料,懸,低,收聽,,
,,,,,915658,女,41,0,2026-05-01_11h03.00.883,ldt,2025.1.1,Win32,20,IwY2xjawRg9u9leHRuA2FlbQIxMABicmlkETFGRmZVc0JWV0hhdEFKa0Jnc3J0YwZhcHBfaWQQMjIyMDM5MTc4ODIwMDg5MgABHobX1g3SvM2rPEHtc9qCwKTc97LOzcWYPvuES3Zl9nOoKggylN2cYl3o-Ho4_aem_THwzoTALU-6EvoOnYrs3QQ,,,,,,130.413,130.8963,,,,,,,,,,,bú-gí/bú-gú,1,j,w23.png,,,,,,130.897,131.8424,j,1,0.8189,,0,40,40,18,1,實驗材料,懸,低,母語,,
,,,,,915658,女,41,0,2026-05-01_11h03.00.883,ldt,2025.1.1,Win32,20,IwY2xjawRg9u9leHRuA2FlbQIxMABicmlkETFGRmZVc0JWV0hhdEFKa0Jnc3J0YwZhcHBfaWQQMjIyMDM5MTc4ODIwMDg5MgABHobX1g3SvM2rPEHtc9qCwKTc97LOzcWYPvuES3Zl9nOoKggylN2cYl3o-Ho4_aem_THwzoTALU-6EvoOnYrs3QQ,,,,,,131.8431,132.3465,,,,,,,,,,,tshut-khì,1,j,w6.png,,,,,,132.3469,133.0956,j,1,0.682,,0,41,41,5,1,實驗材料,懸,懸,出去,,
,,,,,915658,女,41,0,2026-05-01_11h03.00.883,ldt,2025.1.1,Win32,20,IwY2xjawRg9u9leHRuA2FlbQIxMABicmlkETFGRmZVc0JWV0hhdEFKa0Jnc3J0YwZhcHBfaWQQMjIyMDM5MTc4ODIwMDg5MgABHobX1g3SvM2rPEHtc9qCwKTc97LOzcWYPvuES3Zl9nOoKggylN2cYl3o-Ho4_aem_THwzoTALU-6EvoOnYrs3QQ,,,,,,133.096,133.5805,,,,,,,,,,,,0,f,w64.png,,,,,,133.5808,135.1163,f,1,1.4302,,0,42,42,53,1,filler_假詞,,,莖白,,
,,,,,915658,女,41,0,2026-05-01_11h03.00.883,ldt,2025.1.1,Win32,20,IwY2xjawRg9u9leHRuA2FlbQIxMABicmlkETFGRmZVc0JWV0hhdEFKa0Jnc3J0YwZhcHBfaWQQMjIyMDM5MTc4ODIwMDg5MgABHobX1g3SvM2rPEHtc9qCwKTc97LOzcWYPvuES3Zl9nOoKggylN2cYl3o-Ho4_aem_THwzoTALU-6EvoOnYrs3QQ,,,,,,135.1166,135.5942,,,,,,,,,,,,0,f,w57.png,,,,,,135.5946,137.0777,f,1,1.3746,,0,43,43,46,1,filler_假詞,,,老失,,
,,,,,915658,女,41,0,2026-05-01_11h03.00.883,ldt,2025.1.1,Win32,20,IwY2xjawRg9u9leHRuA2FlbQIxMABicmlkETFGRmZVc0JWV0hhdEFKa0Jnc3J0YwZhcHBfaWQQMjIyMDM5MTc4ODIwMDg5MgABHobX1g3SvM2rPEHtc9qCwKTc97LOzcWYPvuES3Zl9nOoKggylN2cYl3o-Ho4_aem_THwzoTALU-6EvoOnYrs3QQ,,,,,,137.0784,137.5416,,,,,,,,,,,,0,f,w88.png,,,,,,137.542,141.0862,f,1,3.4397,,0,44,44,77,1,filler_假詞,,,了物,,
,,,,,915658,女,41,0,2026-05-01_11h03.00.883,ldt,2025.1.1,Win32,20,IwY2xjawRg9u9leHRuA2FlbQIxMABicmlkETFGRmZVc0JWV0hhdEFKa0Jnc3J0YwZhcHBfaWQQMjIyMDM5MTc4ODIwMDg5MgABHobX1g3SvM2rPEHtc9qCwKTc97LOzcWYPvuES3Zl9nOoKggylN2cYl3o-Ho4_aem_THwzoTALU-6EvoOnYrs3QQ,,,,,,141.0866,141.5905,,,,,,,,,,,jiá-hō/liá-hō,1,j,w11.png,,,,,,141.5909,143.57,j,1,1.9195,,0,45,45,8,1,實驗材料,低,低,惹禍,,
,,,,,915658,女,41,0,2026-05-01_11h03.00.883,ldt,2025.1.1,Win32,20,IwY2xjawRg9u9leHRuA2FlbQIxMABicmlkETFGRmZVc0JWV0hhdEFKa0Jnc3J0YwZhcHBfaWQQMjIyMDM5MTc4ODIwMDg5MgABHobX1g3SvM2rPEHtc9qCwKTc97LOzcWYPvuES3Zl9nOoKggylN2cYl3o-Ho4_aem_THwzoTALU-6EvoOnYrs3QQ,,,,,,143.572,144.042,,,,,,,,,,,,0,f,w54.png,,,,,,144.0423,145.1553,f,1,1.0085,,0,46,46,43,1,filler_假詞,,,狗人,,
,,,,,915658,女,41,0,2026-05-01_11h03.00.883,ldt,2025.1.1,Win32,20,IwY2xjawRg9u9leHRuA2FlbQIxMABicmlkETFGRmZVc0JWV0hhdEFKa0Jnc3J0YwZhcHBfaWQQMjIyMDM5MTc4ODIwMDg5MgABHobX1g3SvM2rPEHtc9qCwKTc97LOzcWYPvuES3Zl9nOoKggylN2cYl3o-Ho4_aem_THwzoTALU-6EvoOnYrs3QQ,,,,,,145.1557,145.6563,,,,,,,,,,,hâng-ūn,1,j,w17.png,,,,,,145.6566,146.6421,j,1,0.9255,,0,47,47,14,1,實驗材料,低,低,航運,,
,,,,,915658,女,41,0,2026-05-01_11h03.00.883,ldt,2025.1.1,Win32,20,IwY2xjawRg9u9leHRuA2FlbQIxMABicmlkETFGRmZVc0JWV0hhdEFKa0Jnc3J0YwZhcHBfaWQQMjIyMDM5MTc4ODIwMDg5MgABHobX1g3SvM2rPEHtc9qCwKTc97LOzcWYPvuES3Zl9nOoKggylN2cYl3o-Ho4_aem_THwzoTALU-6EvoOnYrs3QQ,,,,,,146.6425,147.1451,,,,,,,,,,,uî-pio,1,j,w13.png,,,,,,147.1454,150.0065,j,1,2.8007,,0,48,48,10,1,實驗材料,低,低,圍標,,
,,,,,915658,女,41,0,2026-05-01_11h03.00.883,ldt,2025.1.1,Win32,20,IwY2xjawRg9u9leHRuA2FlbQIxMABicmlkETFGRmZVc0JWV0hhdEFKa0Jnc3J0YwZhcHBfaWQQMjIyMDM5MTc4ODIwMDg5MgABHobX1g3SvM2rPEHtc9qCwKTc97LOzcWYPvuES3Zl9nOoKggylN2cYl3o-Ho4_aem_THwzoTALU-6EvoOnYrs3QQ,,,,,,150.007,150.481,,,,,,,,,,,,0,f,w82.png,,,,,,150.4815,152.9655,j,0,2.3758,,0,49,49,71,1,filler_假詞,,,食轉,,
,,,,,915658,女,41,0,2026-05-01_11h03.00.883,ldt,2025.1.1,Win32,20,IwY2xjawRg9u9leHRuA2FlbQIxMABicmlkETFGRmZVc0JWV0hhdEFKa0Jnc3J0YwZhcHBfaWQQMjIyMDM5MTc4ODIwMDg5MgABHobX1g3SvM2rPEHtc9qCwKTc97LOzcWYPvuES3Zl9nOoKggylN2cYl3o-Ho4_aem_THwzoTALU-6EvoOnYrs3QQ,,,,,,152.966,153.4248,,,,,,,,,,,,0,f,w72.png,,,,,,153.4252,154.8328,f,1,1.2918,,0,50,50,61,1,filler_假詞,,,家覺,,
,,,,,915658,女,41,0,2026-05-01_11h03.00.883,ldt,2025.1.1,Win32,20,IwY2xjawRg9u9leHRuA2FlbQIxMABicmlkETFGRmZVc0JWV0hhdEFKa0Jnc3J0YwZhcHBfaWQQMjIyMDM5MTc4ODIwMDg5MgABHobX1g3SvM2rPEHtc9qCwKTc97LOzcWYPvuES3Zl9nOoKggylN2cYl3o-Ho4_aem_THwzoTALU-6EvoOnYrs3QQ,,,,,,154.8334,155.3341,,,,,,,,,,,,0,f,w52.png,,,,,,155.3346,157.1619,f,1,1.7612,,0,51,51,41,1,filler_假詞,,,頭舌,,
,,,,,915658,女,41,0,2026-05-01_11h03.00.883,ldt,2025.1.1,Win32,20,IwY2xjawRg9u9leHRuA2FlbQIxMABicmlkETFGRmZVc0JWV0hhdEFKa0Jnc3J0YwZhcHBfaWQQMjIyMDM5MTc4ODIwMDg5MgABHobX1g3SvM2rPEHtc9qCwKTc97LOzcWYPvuES3Zl9nOoKggylN2cYl3o-Ho4_aem_THwzoTALU-6EvoOnYrs3QQ,,,,,,157.1623,157.6569,,,,,,,,,,,tsi-hù,1,j,w37.png,,,,,,157.6582,158.7093,j,1,0.9348,,0,52,52,30,1,實驗材料,低,懸,支付,,
,,,,,915658,女,41,0,2026-05-01_11h03.00.883,ldt,2025.1.1,Win32,20,IwY2xjawRg9u9leHRuA2FlbQIxMABicmlkETFGRmZVc0JWV0hhdEFKa0Jnc3J0YwZhcHBfaWQQMjIyMDM5MTc4ODIwMDg5MgABHobX1g3SvM2rPEHtc9qCwKTc97LOzcWYPvuES3Zl9nOoKggylN2cYl3o-Ho4_aem_THwzoTALU-6EvoOnYrs3QQ,,,,,,158.7099,159.1876,,,,,,,,,,,,0,f,w78.png,,,,,,159.1908,162.1781,j,0,2.893,,0,53,53,67,1,filler_假詞,,,假闊,,
,,,,,915658,女,41,0,2026-05-01_11h03.00.883,ldt,2025.1.1,Win32,20,IwY2xjawRg9u9leHRuA2FlbQIxMABicmlkETFGRmZVc0JWV0hhdEFKa0Jnc3J0YwZhcHBfaWQQMjIyMDM5MTc4ODIwMDg5MgABHobX1g3SvM2rPEHtc9qCwKTc97LOzcWYPvuES3Zl9nOoKggylN2cYl3o-Ho4_aem_THwzoTALU-6EvoOnYrs3QQ,,,,,,162.1787,162.6604,,,,,,,,,,,,0,f,w81.png,,,,,,162.6607,163.832,f,1,1.065,,0,54,54,70,1,filler_假詞,,,部斑,,
,,,,,915658,女,41,0,2026-05-01_11h03.00.883,ldt,2025.1.1,Win32,20,IwY2xjawRg9u9leHRuA2FlbQIxMABicmlkETFGRmZVc0JWV0hhdEFKa0Jnc3J0YwZhcHBfaWQQMjIyMDM5MTc4ODIwMDg5MgABHobX1g3SvM2rPEHtc9qCwKTc97LOzcWYPvuES3Zl9nOoKggylN2cYl3o-Ho4_aem_THwzoTALU-6EvoOnYrs3QQ,,,,,,163.8323,164.3121,,,,,,,,,,,,0,f,w59.png,,,,,,164.3125,166.4395,f,1,2.0235,,0,55,55,48,1,filler_假詞,,,貓快,,
,,,,,915658,女,41,0,2026-05-01_11h03.00.883,ldt,2025.1.1,Win32,20,IwY2xjawRg9u9leHRuA2FlbQIxMABicmlkETFGRmZVc0JWV0hhdEFKa0Jnc3J0YwZhcHBfaWQQMjIyMDM5MTc4ODIwMDg5MgABHobX1g3SvM2rPEHtc9qCwKTc97LOzcWYPvuES3Zl9nOoKggylN2cYl3o-Ho4_aem_THwzoTALU-6EvoOnYrs3QQ,,,,,,166.4398,166.9589,,,,,,,,,,,liáu-kái,1,j,w7.png,,,,,,166.9593,167.7857,j,1,0.763,,0,56,56,6,1,實驗材料,懸,懸,了解,,
,,,,,915658,女,41,0,2026-05-01_11h03.00.883,ldt,2025.1.1,Win32,20,IwY2xjawRg9u9leHRuA2FlbQIxMABicmlkETFGRmZVc0JWV0hhdEFKa0Jnc3J0YwZhcHBfaWQQMjIyMDM5MTc4ODIwMDg5MgABHobX1g3SvM2rPEHtc9qCwKTc97LOzcWYPvuES3Zl9nOoKggylN2cYl3o-Ho4_aem_THwzoTALU-6EvoOnYrs3QQ,,,,,,167.7861,168.2483,,,,,,,,,,,,0,f,w70.png,,,,,,168.2487,169.4798,f,1,1.1254,,0,57,57,59,1,filler_假詞,,,年指,,
,,,,,915658,女,41,0,2026-05-01_11h03.00.883,ldt,2025.1.1,Win32,20,IwY2xjawRg9u9leHRuA2FlbQIxMABicmlkETFGRmZVc0JWV0hhdEFKa0Jnc3J0YwZhcHBfaWQQMjIyMDM5MTc4ODIwMDg5MgABHobX1g3SvM2rPEHtc9qCwKTc97LOzcWYPvuES3Zl9nOoKggylN2cYl3o-Ho4_aem_THwzoTALU-6EvoOnYrs3QQ,,,,,,169.4802,169.9541,,,,,,,,,,,,0,f,w79.png,,,,,,169.9545,172.1086,f,1,2.0675,,0,58,58,68,1,filler_假詞,,,熱條,,
,,,,,915658,女,41,0,2026-05-01_11h03.00.883,ldt,2025.1.1,Win32,20,IwY2xjawRg9u9leHRuA2FlbQIxMABicmlkETFGRmZVc0JWV0hhdEFKa0Jnc3J0YwZhcHBfaWQQMjIyMDM5MTc4ODIwMDg5MgABHobX1g3SvM2rPEHtc9qCwKTc97LOzcWYPvuES3Zl9nOoKggylN2cYl3o-Ho4_aem_THwzoTALU-6EvoOnYrs3QQ,,,,,,172.1091,172.6093,,,,,,,,,,,hām-bîn,1,j,w44.png,,,,,,172.6098,174.0526,j,1,1.3828,,0,59,59,35,1,filler_純台語詞,,,陷眠,,
,,,,,915658,女,41,0,2026-05-01_11h03.00.883,ldt,2025.1.1,Win32,20,IwY2xjawRg9u9leHRuA2FlbQIxMABicmlkETFGRmZVc0JWV0hhdEFKa0Jnc3J0YwZhcHBfaWQQMjIyMDM5MTc4ODIwMDg5MgABHobX1g3SvM2rPEHtc9qCwKTc97LOzcWYPvuES3Zl9nOoKggylN2cYl3o-Ho4_aem_THwzoTALU-6EvoOnYrs3QQ,,,,,,174.053,174.5285,,,,,,,,,,,,0,f,w77.png,,,,,,174.5289,177.3072,f,1,2.6649,,0,60,60,66,1,filler_假詞,,,土悲,,
,,,,,915658,女,41,0,2026-05-01_11h03.00.883,ldt,2025.1.1,Win32,20,IwY2xjawRg9u9leHRuA2FlbQIxMABicmlkETFGRmZVc0JWV0hhdEFKa0Jnc3J0YwZhcHBfaWQQMjIyMDM5MTc4ODIwMDg5MgABHobX1g3SvM2rPEHtc9qCwKTc97LOzcWYPvuES3Zl9nOoKggylN2cYl3o-Ho4_aem_THwzoTALU-6EvoOnYrs3QQ,,,,,,177.3077,177.7888,,,,,,,,,,,,0,f,w80.png,,,,,,177.7891,179.4062,f,1,1.5314,,0,61,61,69,1,filler_假詞,,,煮配,,
,,,,,915658,女,41,0,2026-05-01_11h03.00.883,ldt,2025.1.1,Win32,20,IwY2xjawRg9u9leHRuA2FlbQIxMABicmlkETFGRmZVc0JWV0hhdEFKa0Jnc3J0YwZhcHBfaWQQMjIyMDM5MTc4ODIwMDg5MgABHobX1g3SvM2rPEHtc9qCwKTc97LOzcWYPvuES3Zl9nOoKggylN2cYl3o-Ho4_aem_THwzoTALU-6EvoOnYrs3QQ,,,,,,179.4068,179.8735,,,,,,,,,,,,0,f,w87.png,,,,,,179.8738,181.9124,f,1,1.927,,0,62,62,76,1,filler_假詞,,,大無,,
,,,,,915658,女,41,0,2026-05-01_11h03.00.883,ldt,2025.1.1,Win32,20,IwY2xjawRg9u9leHRuA2FlbQIxMABicmlkETFGRmZVc0JWV0hhdEFKa0Jnc3J0YwZhcHBfaWQQMjIyMDM5MTc4ODIwMDg5MgABHobX1g3SvM2rPEHtc9qCwKTc97LOzcWYPvuES3Zl9nOoKggylN2cYl3o-Ho4_aem_THwzoTALU-6EvoOnYrs3QQ,,,,,,181.9127,182.4022,,,,,,,,,,,iông-kuàn,1,j,w15.png,,,,,,182.4025,184.1252,j,1,1.6111,,0,63,63,12,1,實驗材料,低,低,融券,,
,,,,,915658,女,41,0,2026-05-01_11h03.00.883,ldt,2025.1.1,Win32,20,IwY2xjawRg9u9leHRuA2FlbQIxMABicmlkETFGRmZVc0JWV0hhdEFKa0Jnc3J0YwZhcHBfaWQQMjIyMDM5MTc4ODIwMDg5MgABHobX1g3SvM2rPEHtc9qCwKTc97LOzcWYPvuES3Zl9nOoKggylN2cYl3o-Ho4_aem_THwzoTALU-6EvoOnYrs3QQ,,,,,,184.1257,184.6054,,,,,,,,,,,hāu-senn/hāu-sinn,1,j,w45.png,,,,,,184.6059,185.6306,j,1,0.9146,,0,64,64,36,1,filler_純台語詞,,,後生,,
,,,,,915658,女,41,0,2026-05-01_11h03.00.883,ldt,2025.1.1,Win32,20,IwY2xjawRg9u9leHRuA2FlbQIxMABicmlkETFGRmZVc0JWV0hhdEFKa0Jnc3J0YwZhcHBfaWQQMjIyMDM5MTc4ODIwMDg5MgABHobX1g3SvM2rPEHtc9qCwKTc97LOzcWYPvuES3Zl9nOoKggylN2cYl3o-Ho4_aem_THwzoTALU-6EvoOnYrs3QQ,,,,,,185.6325,186.0973,,,,,,,,,,,ha̍k-huē,1,j,w36.png,,,,,,186.0988,188.5409,f,0,2.3301,,0,65,65,29,1,實驗材料,低,懸,學會,,
,,,,,915658,女,41,0,2026-05-01_11h03.00.883,ldt,2025.1.1,Win32,20,IwY2xjawRg9u9leHRuA2FlbQIxMABicmlkETFGRmZVc0JWV0hhdEFKa0Jnc3J0YwZhcHBfaWQQMjIyMDM5MTc4ODIwMDg5MgABHobX1g3SvM2rPEHtc9qCwKTc97LOzcWYPvuES3Zl9nOoKggylN2cYl3o-Ho4_aem_THwzoTALU-6EvoOnYrs3QQ,,,,,,188.5417,189.029,,,,,,,,,,,,0,f,w55.png,,,,,,189.0296,192.1796,f,1,3.0438,,0,66,66,44,1,filler_假詞,,,苦碗,,
,,,,,915658,女,41,0,2026-05-01_11h03.00.883,ldt,2025.1.1,Win32,20,IwY2xjawRg9u9leHRuA2FlbQIxMABicmlkETFGRmZVc0JWV0hhdEFKa0Jnc3J0YwZhcHBfaWQQMjIyMDM5MTc4ODIwMDg5MgABHobX1g3SvM2rPEHtc9qCwKTc97LOzcWYPvuES3Zl9nOoKggylN2cYl3o-Ho4_aem_THwzoTALU-6EvoOnYrs3QQ,,,,,,192.18,192.6628,,,,,,,,,,,,0,f,w73.png,,,,,,192.6635,195.8796,f,1,3.1016,,0,67,67,62,1,filler_假詞,,,腹伏,,
,,,,,915658,女,41,0,2026-05-01_11h03.00.883,ldt,2025.1.1,Win32,20,IwY2xjawRg9u9leHRuA2FlbQIxMABicmlkETFGRmZVc0JWV0hhdEFKa0Jnc3J0YwZhcHBfaWQQMjIyMDM5MTc4ODIwMDg5MgABHobX1g3SvM2rPEHtc9qCwKTc97LOzcWYPvuES3Zl9nOoKggylN2cYl3o-Ho4_aem_THwzoTALU-6EvoOnYrs3QQ,,,,,,195.8807,196.3507,,,,,,,,,,,būn-tê/būn-tuê,1,j,w3.png,,,,,,196.3511,197.2041,j,1,0.7474,,0,68,68,2,1,實驗材料,懸,懸,問題,,
,,,,,915658,女,41,0,2026-05-01_11h03.00.883,ldt,2025.1.1,Win32,20,IwY2xjawRg9u9leHRuA2FlbQIxMABicmlkETFGRmZVc0JWV0hhdEFKa0Jnc3J0YwZhcHBfaWQQMjIyMDM5MTc4ODIwMDg5MgABHobX1g3SvM2rPEHtc9qCwKTc97LOzcWYPvuES3Zl9nOoKggylN2cYl3o-Ho4_aem_THwzoTALU-6EvoOnYrs3QQ,,,,,,197.2045,197.6715,,,,,,,,,,,kóng-huat,1,j,w28.png,,,,,,197.6718,198.6146,j,1,0.8339,,0,69,69,23,1,實驗材料,懸,低,講法,,
,,,,,915658,女,41,0,2026-05-01_11h03.00.883,ldt,2025.1.1,Win32,20,IwY2xjawRg9u9leHRuA2FlbQIxMABicmlkETFGRmZVc0JWV0hhdEFKa0Jnc3J0YwZhcHBfaWQQMjIyMDM5MTc4ODIwMDg5MgABHobX1g3SvM2rPEHtc9qCwKTc97LOzcWYPvuES3Zl9nOoKggylN2cYl3o-Ho4_aem_THwzoTALU-6EvoOnYrs3QQ,,,,,,198.6153,199.1269,,,,,,,,,,,bân-phuê/bân-phê ,1,j,w42.png,,,,,,199.1273,200.1985,j,1,1.0032,,0,70,70,33,1,filler_純台語詞,,,蠻皮,,
,,,,,915658,女,41,0,2026-05-01_11h03.00.883,ldt,2025.1.1,Win32,20,IwY2xjawRg9u9leHRuA2FlbQIxMABicmlkETFGRmZVc0JWV0hhdEFKa0Jnc3J0YwZhcHBfaWQQMjIyMDM5MTc4ODIwMDg5MgABHobX1g3SvM2rPEHtc9qCwKTc97LOzcWYPvuES3Zl9nOoKggylN2cYl3o-Ho4_aem_THwzoTALU-6EvoOnYrs3QQ,,,,,,200.2,200.6919,,,,,,,,,,,,0,f,w83.png,,,,,,200.6923,202.4222,f,1,1.6255,,0,71,71,72,1,filler_假詞,,,流棲,,
,,,,,915658,女,41,0,2026-05-01_11h03.00.883,ldt,2025.1.1,Win32,20,IwY2xjawRg9u9leHRuA2FlbQIxMABicmlkETFGRmZVc0JWV0hhdEFKa0Jnc3J0YwZhcHBfaWQQMjIyMDM5MTc4ODIwMDg5MgABHobX1g3SvM2rPEHtc9qCwKTc97LOzcWYPvuES3Zl9nOoKggylN2cYl3o-Ho4_aem_THwzoTALU-6EvoOnYrs3QQ,,,,,,202.4226,202.9227,,,,,,,,,,,tsha-ī,1,j,w34.png,,,,,,202.9231,206.3347,f,0,3.3477,,0,72,72,27,1,實驗材料,低,懸,差異,,
,,,,,915658,女,41,0,2026-05-01_11h03.00.883,ldt,2025.1.1,Win32,20,IwY2xjawRg9u9leHRuA2FlbQIxMABicmlkETFGRmZVc0JWV0hhdEFKa0Jnc3J0YwZhcHBfaWQQMjIyMDM5MTc4ODIwMDg5MgABHobX1g3SvM2rPEHtc9qCwKTc97LOzcWYPvuES3Zl9nOoKggylN2cYl3o-Ho4_aem_THwzoTALU-6EvoOnYrs3QQ,,,,,,206.335,206.8373,,,,,,,,,,,tsâi-bū,1,j,w35.png,,,,,,206.8377,207.6822,j,1,0.783,,0,73,73,28,1,實驗材料,低,懸,財務,,
,,,,,915658,女,41,0,2026-05-01_11h03.00.883,ldt,2025.1.1,Win32,20,IwY2xjawRg9u9leHRuA2FlbQIxMABicmlkETFGRmZVc0JWV0hhdEFKa0Jnc3J0YwZhcHBfaWQQMjIyMDM5MTc4ODIwMDg5MgABHobX1g3SvM2rPEHtc9qCwKTc97LOzcWYPvuES3Zl9nOoKggylN2cYl3o-Ho4_aem_THwzoTALU-6EvoOnYrs3QQ,,,,,,207.6827,208.1577,,,,,,,,,,,í-king,1,j,w1.png,,,,,,208.158,211.1908,j,1,2.9209,,0,74,74,0,1,實驗材料,懸,懸,已經,,
,,,,,915658,女,41,0,2026-05-01_11h03.00.883,ldt,2025.1.1,Win32,20,IwY2xjawRg9u9leHRuA2FlbQIxMABicmlkETFGRmZVc0JWV0hhdEFKa0Jnc3J0YwZhcHBfaWQQMjIyMDM5MTc4ODIwMDg5MgABHobX1g3SvM2rPEHtc9qCwKTc97LOzcWYPvuES3Zl9nOoKggylN2cYl3o-Ho4_aem_THwzoTALU-6EvoOnYrs3QQ,,,,,,211.1913,211.6704,,,,,,,,,,,kî-bōng,1,j,w38.png,,,,,,211.6707,213.8551,j,1,2.0804,,0,75,75,31,1,實驗材料,低,懸,期望,,
,,,,,915658,女,41,0,2026-05-01_11h03.00.883,ldt,2025.1.1,Win32,20,IwY2xjawRg9u9leHRuA2FlbQIxMABicmlkETFGRmZVc0JWV0hhdEFKa0Jnc3J0YwZhcHBfaWQQMjIyMDM5MTc4ODIwMDg5MgABHobX1g3SvM2rPEHtc9qCwKTc97LOzcWYPvuES3Zl9nOoKggylN2cYl3o-Ho4_aem_THwzoTALU-6EvoOnYrs3QQ,,,,,,213.8554,214.3292,,,,,,,,,,,hôo-sîn,1,j,w47.png,,,,,,214.3296,215.3021,j,1,0.8664,,0,76,76,38,1,filler_純台語詞,,,胡蠅,,
,,,,,915658,女,41,0,2026-05-01_11h03.00.883,ldt,2025.1.1,Win32,20,IwY2xjawRg9u9leHRuA2FlbQIxMABicmlkETFGRmZVc0JWV0hhdEFKa0Jnc3J0YwZhcHBfaWQQMjIyMDM5MTc4ODIwMDg5MgABHobX1g3SvM2rPEHtc9qCwKTc97LOzcWYPvuES3Zl9nOoKggylN2cYl3o-Ho4_aem_THwzoTALU-6EvoOnYrs3QQ,,,,,,215.3026,215.7809,,,,,,,,,,,,0,f,w65.png,,,,,,215.7813,216.9023,f,1,1.0154,,0,77,77,54,1,filler_假詞,,,分然,,
,,,,,915658,女,41,0,2026-05-01_11h03.00.883,ldt,2025.1.1,Win32,20,IwY2xjawRg9u9leHRuA2FlbQIxMABicmlkETFGRmZVc0JWV0hhdEFKa0Jnc3J0YwZhcHBfaWQQMjIyMDM5MTc4ODIwMDg5MgABHobX1g3SvM2rPEHtc9qCwKTc97LOzcWYPvuES3Zl9nOoKggylN2cYl3o-Ho4_aem_THwzoTALU-6EvoOnYrs3QQ,,,,,,216.9029,217.3693,,,,,,,,,,,su-iàu,1,j,w4.png,,,,,,217.3695,218.1663,j,1,0.6937,,0,78,78,3,1,實驗材料,懸,懸,需要,,
,,,,,915658,女,41,0,2026-05-01_11h03.00.883,ldt,2025.1.1,Win32,20,IwY2xjawRg9u9leHRuA2FlbQIxMABicmlkETFGRmZVc0JWV0hhdEFKa0Jnc3J0YwZhcHBfaWQQMjIyMDM5MTc4ODIwMDg5MgABHobX1g3SvM2rPEHtc9qCwKTc97LOzcWYPvuES3Zl9nOoKggylN2cYl3o-Ho4_aem_THwzoTALU-6EvoOnYrs3QQ,,,,,,218.1666,218.6715,,,,,,,,,,,,0,f,w67.png,,,,,,218.6719,221.4723,f,1,2.7415,,0,79,79,56,1,filler_假詞,,,出措,,
,,,,,915658,女,41,0,2026-05-01_11h03.00.883,ldt,2025.1.1,Win32,20,IwY2xjawRg9u9leHRuA2FlbQIxMABicmlkETFGRmZVc0JWV0hhdEFKa0Jnc3J0YwZhcHBfaWQQMjIyMDM5MTc4ODIwMDg5MgABHobX1g3SvM2rPEHtc9qCwKTc97LOzcWYPvuES3Zl9nOoKggylN2cYl3o-Ho4_aem_THwzoTALU-6EvoOnYrs3QQ,,,,,,,,,,,,,,,,,,,,,,,,,,,,,,,,,,,,,,,,,,221.4729,222.4745
